{
  "parameters": {
    "mu": 0.0036,
    "alpha": 0.05,
    "q_min": 0.2,
    "r_min": 0.2,
    "q_per_terminal": 30.0,
    "l_min": 10.0,
    "candidate_k": 20,
    "checkpoint_interval": 1
  },
  "iterations": 42,
  "final_terminals": 1,
  "loss_history": [
    7.063460450478761e-09,
    2.584736115895837e-08,
    5.877035927123119e-08,
    1.0461663695645442e-07,
    1.6216083598003983e-07,
    2.3098224007737142e-07,
    3.10889522223303e-07,
    4.017806767450756e-07,
    5.035955053481835e-07,
    6.162958694111311e-07,
    7.398562973980209e-07,
    8.742590660982895e-07,
    1.0194914312339794e-06,
    1.1755439772417813e-06,
    1.3424095879091942e-06,
    1.5194407171161708e-06,
    1.7049240208797374e-06,
    1.897793950904767e-06,
    2.097190467510721e-06,
    2.301623048460058e-06,
    2.5100989171021218e-06,
    2.721053055854382e-06,
    2.931984960039943e-06,
    3.140496897854787e-06,
    3.34533053915873e-06,
    3.5457543789181205e-06,
    3.740459588259015e-06,
    3.928824254097016e-06,
    4.111605121417399e-06,
    4.289644925900977e-06,
    4.462377258293141e-06,
    4.628885761876097e-06,
    4.7891966026072066e-06,
    4.941350006928324e-06,
    5.081719809614475e-06,
    5.2078711812213595e-06,
    5.3163904271834145e-06,
    5.40442324245423e-06,
    5.471460389372342e-06,
    5.516879284649969e-06,
    5.545150339086251e-06,
    5.561440725940248e-06,
    5.566641901850893e-06
  ]
}